Workbook

Sheet 1. DASHBOARD
B2: STORE MANAGEMENT DASHBOARD IN-CHARGE: MR. DINESH NAHIRE
B5: TOTAL ITEMS | C5: LOW STOCK | D5: OUT OF STOCK | E5: TOTAL QTY IN | F5: TOTAL QTY OUT
B6: =COUNTA('2. ITEM MASTER'!A:A)-1 -> 265 | C6: =COUNTIF('5. CURRENT STOCK'!G:G, "LOW STOCK") -> 32 | D6: =COUNTIF('5. CURRENT STOCK'!G:G, "OUT OF STOCK") -> 125 | E6: =SUM('3. STOCK IN'!E:E) -> 7839 | F6: =SUM('4. STOCK OUT'!E:E) -> 0
B9: Categories | D9: HelpersIN | F9: HelpersOUT
B10: Electrical | D10: Mr. Suhas Bachhav | F10: Mr. Dipak Choudhri
B11: Mechanical | D11: Ms. Kaveri Gangurde | F11: Mr. Kunal
B12: Plumbing
B13: Electronics

Sheet 2. ITEM MASTER
A1: Item Code | B1: Item Name | C1: Category | D1: Minimum Stock
A2: E-001 | B2: CWX-VALVE- 1 inch | C2: Electronics | D2: 5
A3: E-002 | B3: CWX -VALVE-0.5inch | C3: Electronics | D3: 5
A4: E-003 | B4: STRIKE LOCK | C4: Electronics | D4: 5
A5: E-004 | B5: COIN ACCEPTER | C5: Electronics | D5: 5
A6: E-005 | B6: PIR SENSOR | C6: Electronics | D6: 5
A7: E-006 | B7: LDR SENSOR | C7: Electronics | D7: 5
A8: E-007 | B8: PUSH BOTTON | C8: Electronics | D8: 5
A9: E-008 | B9: LIMIT SWITCH | C9: Electronics | D9: 5
A10: E-009 | B10: FAN ORPAT | C10: Electronics | D10: 5
A11: E-010 | B11: ELCB+MCB+32AMP | C11: Electronics | D11: 5
A12: E-011 | B12: SMPS 12V | C12: Electronics | D12: 5
A13: E-012 | B13: BATTERY 12V 26A | C13: Electronics | D13: 5
... A266: M-062 | B266: Screw | C266: Mechanical | D266: 5
D267: 5
D268: 5
D269: 5
D270: 5
D271: 5
D272: 5
D273: 5
D274: 5
D275: 5
D276: 5
D277: 5
D278: 5
... D365: 5

Sheet 3. STOCK IN
A1: Date | B1: Item Code | C1: Item Name (Auto) | D1: Category (Auto) | E1: Quantity Added | F1: Handover From
A2: 2026-09-21 | B2: E-001 | C2: =IFERROR(VLOOKUP($B2,'2. ITEM MASTER'!$A:$D,2,FALSE),"") -> CWX-VALVE- 1 inch | D2: =IFERROR(VLOOKUP($B2,'2. ITEM MASTER'!$A:$D,3,FALSE),"") -> Electronics | E2: 10 | F2: System Migration
A3: 2026-09-21 | B3: E-002 | C3: =IFERROR(VLOOKUP($B3,'2. ITEM MASTER'!$A:$D,2,FALSE),"") -> CWX -VALVE-0.5inch | D3: =IFERROR(VLOOKUP($B3,'2. ITEM MASTER'!$A:$D,3,FALSE),"") -> Electronics | E3: 46 | F3: System Migration
A4: 2026-09-21 | B4: E-003 | C4: =IFERROR(VLOOKUP($B4,'2. ITEM MASTER'!$A:$D,2,FALSE),"") -> STRIKE LOCK | D4: =IFERROR(VLOOKUP($B4,'2. ITEM MASTER'!$A:$D,3,FALSE),"") -> Electronics | E4: 182 | F4: System Migration
A5: 2026-09-21 | B5: E-004 | C5: =IFERROR(VLOOKUP($B5,'2. ITEM MASTER'!$A:$D,2,FALSE),"") -> COIN ACCEPTER | D5: =IFERROR(VLOOKUP($B5,'2. ITEM MASTER'!$A:$D,3,FALSE),"") -> Electronics | E5: 13 | F5: System Migration
A6: 2026-09-21 | B6: E-005 | C6: =IFERROR(VLOOKUP($B6,'2. ITEM MASTER'!$A:$D,2,FALSE),"") -> PIR SENSOR | D6: =IFERROR(VLOOKUP($B6,'2. ITEM MASTER'!$A:$D,3,FALSE),"") -> Electronics | E6: 71 | F6: System Migration
A7: 2026-09-21 | B7: E-006 | C7: =IFERROR(VLOOKUP($B7,'2. ITEM MASTER'!$A:$D,2,FALSE),"") -> LDR SENSOR | D7: =IFERROR(VLOOKUP($B7,'2. ITEM MASTER'!$A:$D,3,FALSE),"") -> Electronics | E7: 74 | F7: System Migration
A8: 2026-09-21 | B8: E-007 | C8: =IFERROR(VLOOKUP($B8,'2. ITEM MASTER'!$A:$D,2,FALSE),"") -> PUSH BOTTON | D8: =IFERROR(VLOOKUP($B8,'2. ITEM MASTER'!$A:$D,3,FALSE),"") -> Electronics | E8: 86 | F8: System Migration
A9: 2026-09-21 | B9: E-008 | C9: =IFERROR(VLOOKUP($B9,'2. ITEM MASTER'!$A:$D,2,FALSE),"") -> LIMIT SWITCH | D9: =IFERROR(VLOOKUP($B9,'2. ITEM MASTER'!$A:$D,3,FALSE),"") -> Electronics | E9: 10 | F9: System Migration
A10: 2026-09-21 | B10: E-009 | C10: =IFERROR(VLOOKUP($B10,'2. ITEM MASTER'!$A:$D,2,FALSE),"") -> FAN ORPAT | D10: =IFERROR(VLOOKUP($B10,'2. ITEM MASTER'!$A:$D,3,FALSE),"") -> Electronics | E10: 10 | F10: System Migration
A11: 2026-09-21 | B11: E-010 | C11: =IFERROR(VLOOKUP($B11,'2. ITEM MASTER'!$A:$D,2,FALSE),"") -> ELCB+MCB+32AMP | D11: =IFERROR(VLOOKUP($B11,'2. ITEM MASTER'!$A:$D,3,FALSE),"") -> Electronics | E11: 32 | F11: System Migration
A12: 2026-09-21 | B12: E-011 | C12: =IFERROR(VLOOKUP($B12,'2. ITEM MASTER'!$A:$D,2,FALSE),"") -> SMPS 12V | D12: =IFERROR(VLOOKUP($B12,'2. ITEM MASTER'!$A:$D,3,FALSE),"") -> Electronics | E12: 121 | F12: System Migration
A13: 2026-09-21 | B13: E-012 | C13: =IFERROR(VLOOKUP($B13,'2. ITEM MASTER'!$A:$D,2,FALSE),"") -> BATTERY 12V 26A | D13: =IFERROR(VLOOKUP($B13,'2. ITEM MASTER'!$A:$D,3,FALSE),"") -> Electronics | E13: 9 | F13: System Migration
... A141: 2026-09-22 | B141: M-062 | C141: =IFERROR(VLOOKUP($B141,'2. ITEM MASTER'!$A:$D,2,FALSE),"") -> Screw | D141: =IFERROR(VLOOKUP($B141,'2. ITEM MASTER'!$A:$D,3,FALSE),"") -> Mechanical | E141: 100 | F141: Mr. Suhas Bachhav
C142: =IFERROR(VLOOKUP($B142,'2. ITEM MASTER'!$A:$D,2,FALSE),"") | D142: =IFERROR(VLOOKUP($B142,'2. ITEM MASTER'!$A:$D,3,FALSE),"")
C143: =IFERROR(VLOOKUP($B143,'2. ITEM MASTER'!$A:$D,2,FALSE),"") | D143: =IFERROR(VLOOKUP($B143,'2. ITEM MASTER'!$A:$D,3,FALSE),"")
C144: =IFERROR(VLOOKUP($B144,'2. ITEM MASTER'!$A:$D,2,FALSE),"") | D144: =IFERROR(VLOOKUP($B144,'2. ITEM MASTER'!$A:$D,3,FALSE),"")
C145: =IFERROR(VLOOKUP($B145,'2. ITEM MASTER'!$A:$D,2,FALSE),"") | D145: =IFERROR(VLOOKUP($B145,'2. ITEM MASTER'!$A:$D,3,FALSE),"")
C146: =IFERROR(VLOOKUP($B146,'2. ITEM MASTER'!$A:$D,2,FALSE),"") | D146: =IFERROR(VLOOKUP($B146,'2. ITEM MASTER'!$A:$D,3,FALSE),"")
C147: =IFERROR(VLOOKUP($B147,'2. ITEM MASTER'!$A:$D,2,FALSE),"") | D147: =IFERROR(VLOOKUP($B147,'2. ITEM MASTER'!$A:$D,3,FALSE),"")
C148: =IFERROR(VLOOKUP($B148,'2. ITEM MASTER'!$A:$D,2,FALSE),"") | D148: =IFERROR(VLOOKUP($B148,'2. ITEM MASTER'!$A:$D,3,FALSE),"")
C149: =IFERROR(VLOOKUP($B149,'2. ITEM MASTER'!$A:$D,2,FALSE),"") | D149: =IFERROR(VLOOKUP($B149,'2. ITEM MASTER'!$A:$D,3,FALSE),"")
C150: =IFERROR(VLOOKUP($B150,'2. ITEM MASTER'!$A:$D,2,FALSE),"") | D150: =IFERROR(VLOOKUP($B150,'2. ITEM MASTER'!$A:$D,3,FALSE),"")
C151: =IFERROR(VLOOKUP($B151,'2. ITEM MASTER'!$A:$D,2,FALSE),"") | D151: =IFERROR(VLOOKUP($B151,'2. ITEM MASTER'!$A:$D,3,FALSE),"")
C152: =IFERROR(VLOOKUP($B152,'2. ITEM MASTER'!$A:$D,2,FALSE),"") | D152: =IFERROR(VLOOKUP($B152,'2. ITEM MASTER'!$A:$D,3,FALSE),"")
C153: =IFERROR(VLOOKUP($B153,'2. ITEM MASTER'!$A:$D,2,FALSE),"") | D153: =IFERROR(VLOOKUP($B153,'2. ITEM MASTER'!$A:$D,3,FALSE),"")
... C290: =IFERROR(VLOOKUP($B290,'2. ITEM MASTER'!$A:$D,2,FALSE),"") | D290: =IFERROR(VLOOKUP($B290,'2. ITEM MASTER'!$A:$D,3,FALSE),"")

Sheet 4. STOCK OUT
A1: Date | B1: Item Code | C1: Item Name (Auto) | D1: Category (Auto) | E1: Quantity Taken | F1: Handover To
C2: =IFERROR(VLOOKUP($B2,'2. ITEM MASTER'!$A:$D,2,FALSE),"") | D2: =IFERROR(VLOOKUP($B2,'2. ITEM MASTER'!$A:$D,3,FALSE),"")
C3: =IFERROR(VLOOKUP($B3,'2. ITEM MASTER'!$A:$D,2,FALSE),"") | D3: =IFERROR(VLOOKUP($B3,'2. ITEM MASTER'!$A:$D,3,FALSE),"")
C4: =IFERROR(VLOOKUP($B4,'2. ITEM MASTER'!$A:$D,2,FALSE),"") | D4: =IFERROR(VLOOKUP($B4,'2. ITEM MASTER'!$A:$D,3,FALSE),"")
C5: =IFERROR(VLOOKUP($B5,'2. ITEM MASTER'!$A:$D,2,FALSE),"") | D5: =IFERROR(VLOOKUP($B5,'2. ITEM MASTER'!$A:$D,3,FALSE),"")
C6: =IFERROR(VLOOKUP($B6,'2. ITEM MASTER'!$A:$D,2,FALSE),"") | D6: =IFERROR(VLOOKUP($B6,'2. ITEM MASTER'!$A:$D,3,FALSE),"")
C7: =IFERROR(VLOOKUP($B7,'2. ITEM MASTER'!$A:$D,2,FALSE),"") | D7: =IFERROR(VLOOKUP($B7,'2. ITEM MASTER'!$A:$D,3,FALSE),"")
C8: =IFERROR(VLOOKUP($B8,'2. ITEM MASTER'!$A:$D,2,FALSE),"") | D8: =IFERROR(VLOOKUP($B8,'2. ITEM MASTER'!$A:$D,3,FALSE),"")
C9: =IFERROR(VLOOKUP($B9,'2. ITEM MASTER'!$A:$D,2,FALSE),"") | D9: =IFERROR(VLOOKUP($B9,'2. ITEM MASTER'!$A:$D,3,FALSE),"")
C10: =IFERROR(VLOOKUP($B10,'2. ITEM MASTER'!$A:$D,2,FALSE),"") | D10: =IFERROR(VLOOKUP($B10,'2. ITEM MASTER'!$A:$D,3,FALSE),"")
C11: =IFERROR(VLOOKUP($B11,'2. ITEM MASTER'!$A:$D,2,FALSE),"") | D11: =IFERROR(VLOOKUP($B11,'2. ITEM MASTER'!$A:$D,3,FALSE),"")
C12: =IFERROR(VLOOKUP($B12,'2. ITEM MASTER'!$A:$D,2,FALSE),"") | D12: =IFERROR(VLOOKUP($B12,'2. ITEM MASTER'!$A:$D,3,FALSE),"")
C13: =IFERROR(VLOOKUP($B13,'2. ITEM MASTER'!$A:$D,2,FALSE),"") | D13: =IFERROR(VLOOKUP($B13,'2. ITEM MASTER'!$A:$D,3,FALSE),"")
... C151: =IFERROR(VLOOKUP($B151,'2. ITEM MASTER'!$A:$D,2,FALSE),"") | D151: =IFERROR(VLOOKUP($B151,'2. ITEM MASTER'!$A:$D,3,FALSE),"")

Sheet 5. CURRENT STOCK
A1: Item Code | B1: Item Name | C1: Category | D1: Total IN | E1: Total OUT | F1: Current Stock | G1: Status
A2: =IF('2. ITEM MASTER'!A2="","",'2. ITEM MASTER'!A2) -> E-001 | B2: =IFERROR(VLOOKUP($A2,'2. ITEM MASTER'!$A:$D,2,FALSE),"") -> CWX-VALVE- 1 inch | C2: =IFERROR(VLOOKUP($A2,'2. ITEM MASTER'!$A:$D,3,FALSE),"") -> Electronics | D2: =IF($A2="","",SUMIF('3. STOCK IN'!$B:$B,$A2,'3. STOCK IN'!$E:$E)) -> 10 | E2: =IF($A2="","",SUMIF('4. STOCK OUT'!$B:$B,$A2,'4. STOCK OUT'!$E:$E)) -> 0 | F2: =IF($A2="","",IFERROR($D2-$E2,0)) -> 10 | G2: =IF($A2="","",IFERROR(IF($F2<=0,"OUT OF STOCK",IF($F2<=VLOOKUP($A2,'2. ITEM MASTER'!$A:$D,4,FALSE),"LOW STOCK","OK")),"")) -> OK
A3: =IF('2. ITEM MASTER'!A3="","",'2. ITEM MASTER'!A3) -> E-002 | B3: =IFERROR(VLOOKUP($A3,'2. ITEM MASTER'!$A:$D,2,FALSE),"") -> CWX -VALVE-0.5inch | C3: =IFERROR(VLOOKUP($A3,'2. ITEM MASTER'!$A:$D,3,FALSE),"") -> Electronics | D3: =IF($A3="","",SUMIF('3. STOCK IN'!$B:$B,$A3,'3. STOCK IN'!$E:$E)) -> 46 | E3: =IF($A3="","",SUMIF('4. STOCK OUT'!$B:$B,$A3,'4. STOCK OUT'!$E:$E)) -> 0 | F3: =IF($A3="","",IFERROR($D3-$E3,0)) -> 46 | G3: =IF($A3="","",IFERROR(IF($F3<=0,"OUT OF STOCK",IF($F3<=VLOOKUP($A3,'2. ITEM MASTER'!$A:$D,4,FALSE),"LOW STOCK","OK")),"")) -> OK
A4: =IF('2. ITEM MASTER'!A4="","",'2. ITEM MASTER'!A4) -> E-003 | B4: =IFERROR(VLOOKUP($A4,'2. ITEM MASTER'!$A:$D,2,FALSE),"") -> STRIKE LOCK | C4: =IFERROR(VLOOKUP($A4,'2. ITEM MASTER'!$A:$D,3,FALSE),"") -> Electronics | D4: =IF($A4="","",SUMIF('3. STOCK IN'!$B:$B,$A4,'3. STOCK IN'!$E:$E)) -> 182 | E4: =IF($A4="","",SUMIF('4. STOCK OUT'!$B:$B,$A4,'4. STOCK OUT'!$E:$E)) -> 0 | F4: =IF($A4="","",IFERROR($D4-$E4,0)) -> 182 | G4: =IF($A4="","",IFERROR(IF($F4<=0,"OUT OF STOCK",IF($F4<=VLOOKUP($A4,'2. ITEM MASTER'!$A:$D,4,FALSE),"LOW STOCK","OK")),"")) -> OK
A5: =IF('2. ITEM MASTER'!A5="","",'2. ITEM MASTER'!A5) -> E-004 | B5: =IFERROR(VLOOKUP($A5,'2. ITEM MASTER'!$A:$D,2,FALSE),"") -> COIN ACCEPTER | C5: =IFERROR(VLOOKUP($A5,'2. ITEM MASTER'!$A:$D,3,FALSE),"") -> Electronics | D5: =IF($A5="","",SUMIF('3. STOCK IN'!$B:$B,$A5,'3. STOCK IN'!$E:$E)) -> 13 | E5: =IF($A5="","",SUMIF('4. STOCK OUT'!$B:$B,$A5,'4. STOCK OUT'!$E:$E)) -> 0 | F5: =IF($A5="","",IFERROR($D5-$E5,0)) -> 13 | G5: =IF($A5="","",IFERROR(IF($F5<=0,"OUT OF STOCK",IF($F5<=VLOOKUP($A5,'2. ITEM MASTER'!$A:$D,4,FALSE),"LOW STOCK","OK")),"")) -> OK
A6: =IF('2. ITEM MASTER'!A6="","",'2. ITEM MASTER'!A6) -> E-005 | B6: =IFERROR(VLOOKUP($A6,'2. ITEM MASTER'!$A:$D,2,FALSE),"") -> PIR SENSOR | C6: =IFERROR(VLOOKUP($A6,'2. ITEM MASTER'!$A:$D,3,FALSE),"") -> Electronics | D6: =IF($A6="","",SUMIF('3. STOCK IN'!$B:$B,$A6,'3. STOCK IN'!$E:$E)) -> 71 | E6: =IF($A6="","",SUMIF('4. STOCK OUT'!$B:$B,$A6,'4. STOCK OUT'!$E:$E)) -> 0 | F6: =IF($A6="","",IFERROR($D6-$E6,0)) -> 71 | G6: =IF($A6="","",IFERROR(IF($F6<=0,"OUT OF STOCK",IF($F6<=VLOOKUP($A6,'2. ITEM MASTER'!$A:$D,4,FALSE),"LOW STOCK","OK")),"")) -> OK
A7: =IF('2. ITEM MASTER'!A7="","",'2. ITEM MASTER'!A7) -> E-006 | B7: =IFERROR(VLOOKUP($A7,'2. ITEM MASTER'!$A:$D,2,FALSE),"") -> LDR SENSOR | C7: =IFERROR(VLOOKUP($A7,'2. ITEM MASTER'!$A:$D,3,FALSE),"") -> Electronics | D7: =IF($A7="","",SUMIF('3. STOCK IN'!$B:$B,$A7,'3. STOCK IN'!$E:$E)) -> 74 | E7: =IF($A7="","",SUMIF('4. STOCK OUT'!$B:$B,$A7,'4. STOCK OUT'!$E:$E)) -> 0 | F7: =IF($A7="","",IFERROR($D7-$E7,0)) -> 74 | G7: =IF($A7="","",IFERROR(IF($F7<=0,"OUT OF STOCK",IF($F7<=VLOOKUP($A7,'2. ITEM MASTER'!$A:$D,4,FALSE),"LOW STOCK","OK")),"")) -> OK
A8: =IF('2. ITEM MASTER'!A8="","",'2. ITEM MASTER'!A8) -> E-007 | B8: =IFERROR(VLOOKUP($A8,'2. ITEM MASTER'!$A:$D,2,FALSE),"") -> PUSH BOTTON | C8: =IFERROR(VLOOKUP($A8,'2. ITEM MASTER'!$A:$D,3,FALSE),"") -> Electronics | D8: =IF($A8="","",SUMIF('3. STOCK IN'!$B:$B,$A8,'3. STOCK IN'!$E:$E)) -> 86 | E8: =IF($A8="","",SUMIF('4. STOCK OUT'!$B:$B,$A8,'4. STOCK OUT'!$E:$E)) -> 0 | F8: =IF($A8="","",IFERROR($D8-$E8,0)) -> 86 | G8: =IF($A8="","",IFERROR(IF($F8<=0,"OUT OF STOCK",IF($F8<=VLOOKUP($A8,'2. ITEM MASTER'!$A:$D,4,FALSE),"LOW STOCK","OK")),"")) -> OK
A9: =IF('2. ITEM MASTER'!A9="","",'2. ITEM MASTER'!A9) -> E-008 | B9: =IFERROR(VLOOKUP($A9,'2. ITEM MASTER'!$A:$D,2,FALSE),"") -> LIMIT SWITCH | C9: =IFERROR(VLOOKUP($A9,'2. ITEM MASTER'!$A:$D,3,FALSE),"") -> Electronics | D9: =IF($A9="","",SUMIF('3. STOCK IN'!$B:$B,$A9,'3. STOCK IN'!$E:$E)) -> 10 | E9: =IF($A9="","",SUMIF('4. STOCK OUT'!$B:$B,$A9,'4. STOCK OUT'!$E:$E)) -> 0 | F9: =IF($A9="","",IFERROR($D9-$E9,0)) -> 10 | G9: =IF($A9="","",IFERROR(IF($F9<=0,"OUT OF STOCK",IF($F9<=VLOOKUP($A9,'2. ITEM MASTER'!$A:$D,4,FALSE),"LOW STOCK","OK")),"")) -> OK
A10: =IF('2. ITEM MASTER'!A10="","",'2. ITEM MASTER'!A10) -> E-009 | B10: =IFERROR(VLOOKUP($A10,'2. ITEM MASTER'!$A:$D,2,FALSE),"") -> FAN ORPAT | C10: =IFERROR(VLOOKUP($A10,'2. ITEM MASTER'!$A:$D,3,FALSE),"") -> Electronics | D10: =IF($A10="","",SUMIF('3. STOCK IN'!$B:$B,$A10,'3. STOCK IN'!$E:$E)) -> 10 | E10: =IF($A10="","",SUMIF('4. STOCK OUT'!$B:$B,$A10,'4. STOCK OUT'!$E:$E)) -> 0 | F10: =IF($A10="","",IFERROR($D10-$E10,0)) -> 10 | G10: =IF($A10="","",IFERROR(IF($F10<=0,"OUT OF STOCK",IF($F10<=VLOOKUP($A10,'2. ITEM MASTER'!$A:$D,4,FALSE),"LOW STOCK","OK")),"")) -> OK
A11: =IF('2. ITEM MASTER'!A11="","",'2. ITEM MASTER'!A11) -> E-010 | B11: =IFERROR(VLOOKUP($A11,'2. ITEM MASTER'!$A:$D,2,FALSE),"") -> ELCB+MCB+32AMP | C11: =IFERROR(VLOOKUP($A11,'2. ITEM MASTER'!$A:$D,3,FALSE),"") -> Electronics | D11: =IF($A11="","",SUMIF('3. STOCK IN'!$B:$B,$A11,'3. STOCK IN'!$E:$E)) -> 32 | E11: =IF($A11="","",SUMIF('4. STOCK OUT'!$B:$B,$A11,'4. STOCK OUT'!$E:$E)) -> 0 | F11: =IF($A11="","",IFERROR($D11-$E11,0)) -> 32 | G11: =IF($A11="","",IFERROR(IF($F11<=0,"OUT OF STOCK",IF($F11<=VLOOKUP($A11,'2. ITEM MASTER'!$A:$D,4,FALSE),"LOW STOCK","OK")),"")) -> OK
A12: =IF('2. ITEM MASTER'!A12="","",'2. ITEM MASTER'!A12) -> E-011 | B12: =IFERROR(VLOOKUP($A12,'2. ITEM MASTER'!$A:$D,2,FALSE),"") -> SMPS 12V | C12: =IFERROR(VLOOKUP($A12,'2. ITEM MASTER'!$A:$D,3,FALSE),"") -> Electronics | D12: =IF($A12="","",SUMIF('3. STOCK IN'!$B:$B,$A12,'3. STOCK IN'!$E:$E)) -> 121 | E12: =IF($A12="","",SUMIF('4. STOCK OUT'!$B:$B,$A12,'4. STOCK OUT'!$E:$E)) -> 0 | F12: =IF($A12="","",IFERROR($D12-$E12,0)) -> 121 | G12: =IF($A12="","",IFERROR(IF($F12<=0,"OUT OF STOCK",IF($F12<=VLOOKUP($A12,'2. ITEM MASTER'!$A:$D,4,FALSE),"LOW STOCK","OK")),"")) -> OK
A13: =IF('2. ITEM MASTER'!A13="","",'2. ITEM MASTER'!A13) -> E-012 | B13: =IFERROR(VLOOKUP($A13,'2. ITEM MASTER'!$A:$D,2,FALSE),"") -> BATTERY 12V 26A | C13: =IFERROR(VLOOKUP($A13,'2. ITEM MASTER'!$A:$D,3,FALSE),"") -> Electronics | D13: =IF($A13="","",SUMIF('3. STOCK IN'!$B:$B,$A13,'3. STOCK IN'!$E:$E)) -> 9 | E13: =IF($A13="","",SUMIF('4. STOCK OUT'!$B:$B,$A13,'4. STOCK OUT'!$E:$E)) -> 0 | F13: =IF($A13="","",IFERROR($D13-$E13,0)) -> 9 | G13: =IF($A13="","",IFERROR(IF($F13<=0,"OUT OF STOCK",IF($F13<=VLOOKUP($A13,'2. ITEM MASTER'!$A:$D,4,FALSE),"LOW STOCK","OK")),"")) -> OK
... A365: =IF('2. ITEM MASTER'!A365="","",'2. ITEM MASTER'!A365) | B365: =IFERROR(VLOOKUP($A365,'2. ITEM MASTER'!$A:$D,2,FALSE),"") | C365: =IFERROR(VLOOKUP($A365,'2. ITEM MASTER'!$A:$D,3,FALSE),"") | D365: =IF($A365="","",SUMIF('3. STOCK IN'!$B:$B,$A365,'3. STOCK IN'!$E:$E)) | E365: =IF($A365="","",SUMIF('4. STOCK OUT'!$B:$B,$A365,'4. STOCK OUT'!$E:$E)) | F365: =IF($A365="","",IFERROR($D365-$E365,0)) | G365: =IF($A365="","",IFERROR(IF($F365<=0,"OUT OF STOCK",IF($F365<=VLOOKUP($A365,'2. ITEM MASTER'!$A:$D,4,FALSE),"LOW STOCK","OK")),""))
